{
  "meta_title": "",
  "meta_description": "",
  "sections": [
    {
      "type": "banner-slider",
      "autoplay": 9000,
      "full_width": true,
      "slides": [
        {
          "start": "",
          "end": "",
          "img": "/img/uploads/b9c1dde7-e8be-4828-a0c5-6d7dba37cf2f.png",
          "mobile_img": "/img/uploads/b7c5204c-65d0-4534-bb0d-c9dd3dc2b005.png",
          "link": "/colecao-lux",
          "alt": ""
        },
        {
          "start": "",
          "end": "",
          "img": "/img/uploads/9a8ae2b7-bb3c-440a-8532-6c0dd17ad233.png",
          "mobile_img": "/img/uploads/9a8ae2b7-bb3c-440a-8532-6c0dd17ad233.png",
          "link": "/colecao-flor-de-maio"
        }
      ]
    },
    {
      "type": "info-bar",
      "enabled": true
    },
    {
      "type": "collection-shelf",
      "shuffle": false,
      "limit": 24,
      "page": 1,
      "sort": "lowest_price",
      "headless": false,
      "collection_id": "62c486c8eb8591121676fe2b:categories:Alianças ouro 18k:/ouro",
      "title": "Alianças Ouro 18k"
    },
    {
      "type": "collection-shelf",
      "shuffle": false,
      "limit": 24,
      "page": 1,
      "collection_id": "62c5c440eb85911216790500:categories:Alianças prata 950:/prata",
      "sort": "lowest_price",
      "title": "Alianças Prata 950"
    },
    {
      "type": "collection-shelf",
      "shuffle": false,
      "limit": 24,
      "page": 1,
      "collection_id": "62c5cb95eb859112167918db:categories:Anéis:/aneis",
      "sort": "views",
      "title": "Anéis"
    },
    {
      "type": "custom-html",
      "html": "<p><center><h1><font color=\"#daa520\">COLEÇÕES</font></h1></center></p>"
    },
    {
      "type": "banners-grid",
      "banners": [
        {
          "img": "/img/uploads/colecao-princess-8-.png",
          "link": "/colecao-lux"
        },
        {
          "img": "/img/uploads/colecao-princess-7-.png",
          "link": "/colecao-flor-de-maio"
        },
        {
          "img": "/img/uploads/colecao-princess-5-.png",
          "link": "/colecao-universo"
        },
        {
          "img": "/img/uploads/colecao-princess-6-.png",
          "link": "/colecao-princess"
        }
      ]
    },
    {
      "type": "dynamic-showcase",
      "load_more": true,
      "sort": null
    }
  ]
}